<?xml version='1.0' encoding='UTF-8' ?>
<timeLogEntries>
  <time id="1" path="/Lab_Estructuras_2/PSP0/Planning" start="@1552254655203" delta="15" />
  <time id="2" path="/Lab_Estructuras_2/PSP0/Planning" start="@1552255729887" delta="129" />
  <time id="3" path="/Lab_Estructuras_2/PSP0/Code" start="@1552302594130" delta="68" />
  <time id="4" path="/Lab_Estructuras_2/PSP0/Code" start="@1552345980721" delta="1024" />
  <time id="5" path="/Lab_Estructuras_2/PSP0/Code" start="@1552507299377" delta="169" />
  <time id="6" path="/Lab_Estructuras_2/PSP0/Code" start="@1552577425964" delta="2" />
  <time id="7" path="/Lab_Estructuras_2/PSP0/Code" start="@1552577672985" delta="1" />
  <time id="8" path="/Lab_Estructuras_2/PSP0/Compile" start="@1552577740870" delta="26" />
  <time id="9" path="/Lab_Estructuras_2/PSP0/Code" start="@1552579300066" delta="47" />
  <time id="10" path="/Lab_Estructuras_2/PSP0/Compile" start="@1552582125848" delta="55" />
  <time id="12" path="/Lab_Estructuras_2/PSP0/Test" start="@1552585442726" delta="37" />
  <time id="13" path="/Lab_Estructuras_2/PSP0/Test" start="@1552771317073" delta="4" />
  <time id="14" path="/Lab_Estructuras_2/PSP0/Test" start="@1552772526763" delta="150" />
</timeLogEntries>
