<?xml version='1.0' encoding='UTF-8' ?>
<timeLogEntries>
  <time id="1" path="/Laboratorio 2/PSP0/Planning" start="@1552103598035" delta="42" />
  <time id="2" path="/Laboratorio 2/PSP0/Planning" start="@1552109139165" delta="8" />
  <time id="3" path="/Laboratorio 2/PSP0/Planning" start="@1552112249337" delta="9" />
  <time id="4" path="/Laboratorio 2/PSP0/Design" start="@1552258455878" delta="46" />
  <time id="5" path="/Laboratorio 2/PSP0/Design" start="@1552267816960" delta="25" />
  <time id="6" path="/Laboratorio 2/PSP0/Design" start="@1552438388225" delta="87" />
  <time id="7" path="/Laboratorio 2/PSP0/Design" start="@1552444980433" delta="6" />
  <time id="8" path="/Laboratorio 2/PSP0/Design" start="@1552555201562" delta="54" />
  <time id="9" path="/Laboratorio 2/PSP0/Design" start="@1552560997243" delta="88" />
</timeLogEntries>
